Year	Langs	System	Human	BLEU_m	BLEU	MacroF1	MicroF1	MacroBLEUF	MicroBLEUF	CHRF1	MacroF3	MicroF3	CHRF3
2018	cs-en	online-B.0	0.115	0.3416	33.1	41.0	59.4	34.8	52.5	0.59	41.8	59.4	0.58	
2018	cs-en	CUNI-Transformer.5560	0.298	0.3569	33.9	42.1	60.6	35.7	53.2	0.59	42.9	60.5	0.59	
2018	de-en	RWTH.5636	0.413	0.5047	48.4	53.3	71.2	46.1	61.3	0.70	54.0	71.4	0.69	
2018	cs-en	uedin.5561	0.165	0.3363	31.8	39.4	58.6	33.1	51.3	0.58	40.3	58.9	0.57	
2018	de-en	online-B.0	0.346	0.4553	43.9	50.6	69.0	43.2	59.3	0.68	51.3	68.8	0.67	
2018	de-en	NTT.5666	0.359	0.4883	46.8	51.5	70.2	44.2	60.2	0.69	52.1	70.4	0.68	
2018	de-en	MLLP-UPV.5554	0.321	0.4743	45.1	49.8	69.3	42.7	59.6	0.68	50.5	69.1	0.67	
2018	de-en	JHU.5706	0.317	0.4748	45.3	49.7	69.2	42.6	59.5	0.68	50.3	69.0	0.67	
2018	de-en	uedin.5766	0.261	0.4606	43.9	48.4	68.2	41.3	58.7	0.67	49.1	68.1	0.66	
2018	en-cs	CUNI-Transformer.5595	0.594	0.2690	26.0	30.1	47.9	25.0	41.9	0.54	30.7	48.3	0.54	
2018	cs-en	online-A.0	-0.023	0.2849	26.8	33.6	54.7	28.0	48.1	0.54	34.3	55.0	0.54	
2018	de-en	LMU-nmt.5756	0.162	0.4326	40.9	45.7	66.2	38.8	56.7	0.65	46.4	66.2	0.64	
2018	de-en	Ubiqus-NMT.5635	0.315	0.4583	44.1	49.2	68.8	42.2	59.4	0.67	49.9	68.3	0.66	
2018	de-en	NJUNMT-private.5406	0.149	0.3984	38.3	43.4	64.2	36.6	55.1	0.63	44.0	64.4	0.62	
2018	de-en	UCAM.5690	0.395	0.5003	48.0	53.2	71.3	45.8	61.3	0.70	53.9	71.2	0.69	
2018	de-en	online-Y.0	0.31	0.4186	39.5	45.4	64.8	38.5	55.6	0.65	46.1	64.8	0.65	
2018	cs-en	online-G.0	-0.183	0.2525	22.5	34.3	53.1	28.2	46.5	0.53	35.3	54.4	0.53	
2018	en-de	online-Z.0	0.653	0.4703	46.1	46.5	67.4	39.5	57.9	0.70	47.1	67.1	0.69	
2018	en-de	online-B.0	0.561	0.4863	47.7	46.1	67.7	39.4	57.8	0.71	46.7	67.8	0.70	
2018	en-de	KIT.5486	0.454	0.4740	46.3	45.0	67.2	38.2	57.2	0.70	45.7	67.2	0.69	
2018	de-en	online-G.0	-0.074	0.3646	31.9	41.3	61.2	34.1	51.5	0.61	42.2	62.9	0.60	
2018	en-de	MMT-production-system.5594	0.539	0.4703	46.2	44.4	66.6	37.6	56.5	0.70	45.2	66.9	0.69	
2018	en-cs	online-A.0	-0.115	0.1688	15.7	21.0	38.5	17.1	34.1	0.46	21.9	39.7	0.46	
2018	en-cs	online-B.0	0.101	0.2024	19.4	23.6	41.6	19.3	36.5	0.49	24.4	42.4	0.48	
2018	en-cs	uedin.5630	0.384	0.2438	23.4	27.4	45.5	22.5	39.5	0.52	28.2	46.3	0.52	
2018	en-cs	online-G.0	-0.246	0.1641	15.1	21.0	38.1	17.0	33.5	0.46	22.0	39.8	0.45	
2018	en-de	Microsoft-Marian.5691	0.551	0.4939	48.3	46.3	68.3	39.4	58.0	0.71	47.1	68.8	0.71	
2018	en-de	NTT.5667	0.491	0.4749	46.5	44.7	67.3	37.8	56.8	0.70	45.5	67.9	0.70	
2018	en-de	JHU.5703	0.377	0.4456	43.4	41.1	64.7	34.5	54.7	0.68	41.8	65.0	0.68	
2018	de-en	LMU-unsup.5650	-0.835	0.1918	17.9	23.6	47.1	19.7	41.9	0.46	24.0	46.5	0.45	
2018	de-en	online-A.0	0.268	0.4326	40.6	46.1	66.4	38.8	56.6	0.66	46.8	66.7	0.65	
2018	en-de	online-Y.0	0.396	0.4221	40.8	39.2	61.7	32.8	52.1	0.67	39.9	62.1	0.67	
2018	en-de	online-A.0	0.06	0.3753	34.5	36.7	59.3	29.9	49.9	0.64	37.8	60.3	0.64	
2018	de-en	RWTH-UNSUPER.5482	-0.752	0.2046	18.6	21.3	47.6	17.8	41.9	0.46	21.5	47.1	0.46	
2018	en-de	LMU-nmt.5741	0.213	0.4106	40.0	38.3	62.1	32.0	52.5	0.66	39.0	62.4	0.65	
2018	de-en	online-F.0	-0.296	0.2393	22.0	33.7	53.6	26.7	45.6	0.54	34.8	54.7	0.55	
2018	en-de	online-F.0	-0.385	0.2170	20.9	26.2	48.1	20.5	40.9	0.54	26.9	48.9	0.55	
2018	en-de	RWTH-UNSUPER.5484	-0.966	0.1647	14.8	19.2	43.2	14.8	36.3	0.47	20.6	44.5	0.47	
2018	en-de	online-G.0	-0.416	0.2755	24.5	31.4	53.5	25.0	44.3	0.58	32.4	55.1	0.58	
2018	en-de	LMU-unsup.5651	-1.122	0.1646	15.5	18.6	41.5	14.9	36.7	0.45	19.3	41.4	0.45	
2018	en-et	CUNI-Kocmi.5616	0.216	0.2084	20.2	22.5	41.7	17.9	34.7	0.53	23.0	42.3	0.52	
2018	en-et	HY-NMT-en-et.5469	0.329	0.2271	21.8	24.4	43.7	19.3	36.2	0.55	24.9	44.3	0.53	
2018	en-et	Aalto.5551	0.34	0.2158	20.7	24.8	42.9	19.5	35.4	0.55	25.3	43.6	0.55	
2018	en-et	NICT.5500	0.453	0.2606	25.2	27.8	47.0	22.1	38.5	0.58	28.5	48.0	0.57	
2018	en-et	online-B.0	0.097	0.1949	18.7	21.2	40.4	16.7	33.4	0.53	21.8	41.2	0.52	
2018	en-et	parfda.5779	-0.52	0.1330	12.9	16.7	34.9	13.0	29.2	0.47	17.5	36.1	0.45	
2018	en-et	talp-upc.5422	0.181	0.1956	18.9	22.0	41.3	17.3	33.9	0.53	22.7	42.2	0.51	
2018	en-et	neurotolge.ee.5399	-0.132	0.1640	15.5	18.6	37.1	14.8	31.0	0.49	19.1	38.5	0.48	
2018	en-et	uedin.5563	0.295	0.2372	22.7	25.1	44.5	20.0	36.5	0.55	25.8	45.5	0.54	
2018	en-et	tilde-nc-nmt.5449	0.549	0.2527	24.3	28.1	47.1	22.3	38.5	0.58	28.6	48.0	0.57	
2018	en-et	online-A.0	-0.195	0.1496	13.5	17.7	36.2	13.7	30.0	0.49	18.7	37.7	0.48	
2018	en-et	M4t1ss.5723	0.418	0.2463	23.6	26.7	46.2	21.1	38.0	0.57	27.2	46.7	0.56	
2018	en-et	tilde-c-nmt.5565	0.427	0.2445	23.5	26.8	46.2	21.3	37.9	0.57	27.3	46.8	0.56	
2018	en-et	online-G.0	-0.406	0.1305	12.3	16.3	34.3	12.6	28.2	0.48	17.3	36.6	0.47	
2018	en-fi	HY-NMT-en-fi.5570	0.466	0.1899	17.8	20.8	38.0	16.7	32.6	0.53	21.3	38.4	0.52	
2018	en-fi	Aalto.5550	0.271	0.1762	16.2	18.9	36.1	15.1	30.9	0.52	19.5	36.9	0.52	
2018	en-fi	CUNI-Kocmi.5620	0.184	0.1562	14.7	17.9	34.8	14.2	29.6	0.50	18.5	35.9	0.50	
2018	en-fi	uedin.5707	0.324	0.1788	16.7	20.0	37.2	16.0	31.7	0.52	20.7	38.1	0.52	
2018	en-fi	talp-upc.5424	0.238	0.1562	14.4	17.5	34.4	13.9	29.3	0.50	18.2	35.5	0.50	
2018	en-fi	online-B.0	0.183	0.1504	14.1	17.0	33.9	13.5	29.0	0.50	17.6	34.9	0.50	
2018	en-fi	HY-NMTtwostep-en-fi.5639	0.258	0.1587	14.5	18.1	35.3	14.5	30.1	0.51	18.6	36.0	0.51	
2018	en-fi	online-A.0	-0.212	0.1051	9.1	13.0	29.2	10.2	25.2	0.47	13.9	30.7	0.47	
2018	en-fi	online-G.0	-0.233	0.1119	10.0	14.0	29.5	11.0	25.3	0.47	14.9	31.5	0.46	
2018	en-de	UCAM.5585	0.537	0.4775	46.6	45.8	67.8	38.7	57.5	0.70	46.5	67.8	0.70	
2018	en-fi	HY-AH-en-fi.5567	-0.369	0.0704	6.4	10.8	25.7	8.4	22.4	0.43	11.2	26.6	0.43	
2018	en-fi	NICT.5658	0.521	0.1986	18.2	21.8	39.1	17.4	32.9	0.54	22.5	40.1	0.54	
2018	en-fi	HY-SMT-en-fi.5436	-0.334	0.1179	10.5	14.0	30.3	11.2	26.4	0.47	14.5	31.2	0.46	
2018	en-de	uedin.5770	0.352	0.4550	44.4	42.4	65.7	35.8	55.5	0.69	43.1	65.9	0.68	
2018	en-ru	Alibaba-ensemble-model.5713	0.352	0.3609	34.8	33.5	54.2	28.1	46.0	0.61	34.3	54.9	0.61	
2018	en-tr	alibaba-ensemble-model.5732	0.216	0.2341	20.0	24.4	42.2	19.5	36.1	0.54	25.1	42.9	0.54	
2018	en-tr	alibaba-ensemble-model.5744	0.111	0.2340	20.0	24.3	42.0	19.5	36.0	0.54	25.1	42.9	0.54	
2018	en-ru	online-B.0	0.159	0.2828	27.1	27.2	47.6	22.5	40.9	0.56	28.0	48.3	0.57	
2018	en-tr	NICT.5695	0.128	0.2296	19.2	24.3	41.9	19.4	35.9	0.54	25.0	42.5	0.53	
2018	en-ru	online-G.0	0.324	0.3321	31.3	30.6	51.6	25.5	44.0	0.60	31.5	52.1	0.60	
2018	en-ru	online-A.0	-0.004	0.2439	22.6	24.0	44.6	19.6	38.5	0.54	24.9	45.4	0.54	
2018	en-ru	PROMT-Hybrid-Marian.5605	0.115	0.2836	27.3	25.7	47.9	21.2	40.4	0.56	26.8	49.0	0.56	
2018	en-ru	PROMT-Hybrid-OpenNMT.5654	0.066	0.2616	25.3	25.1	46.1	20.8	39.6	0.55	25.9	46.8	0.55	
2018	en-ru	uedin.5737	0.144	0.3100	29.8	28.7	50.3	23.8	42.4	0.58	29.5	51.3	0.58	
2018	en-ru	online-F.0	-0.58	0.0853	7.8	12.1	30.0	9.7	27.5	0.40	12.6	30.0	0.40	
2018	en-ru	PROMT-Rule-based.5429	-0.075	0.1933	18.1	20.9	40.7	16.9	35.1	0.50	21.6	41.4	0.51	
2018	et-en	HY-NMT-et-en.5463	0.106	0.2761	26.5	32.9	54.4	27.2	47.4	0.55	33.5	54.3	0.54	
2018	et-en	CUNI-Kocmi.5618	0.007	0.2444	23.0	29.2	50.9	24.1	44.2	0.52	29.9	52.1	0.53	
2018	et-en	NICT.5664	0.238	0.3245	30.7	37.3	57.9	30.7	49.5	0.58	38.2	58.5	0.58	
2018	en-tr	online-A.0	-0.254	0.1630	11.2	16.1	33.4	12.7	28.5	0.49	17.2	35.2	0.47	
2018	en-tr	online-B.0	0.277	0.2217	18.5	24.8	41.8	19.8	36.2	0.55	25.3	42.1	0.54	
2018	et-en	online-B.0	0.117	0.2691	25.8	33.7	54.0	27.7	46.8	0.54	34.4	54.6	0.54	
2018	et-en	neurotolge.ee.5398	-0.117	0.2162	20.0	28.7	48.8	23.9	43.2	0.49	29.4	50.4	0.49	
2018	et-en	M4t1ss.5692	0.187	0.2976	28.0	34.5	55.8	28.3	47.6	0.56	35.4	56.5	0.57	
2018	et-en	online-A.0	0.063	0.2420	22.4	32.1	52.1	26.1	45.0	0.53	32.7	52.9	0.52	
2018	en-tr	RWTH.5632	-0.06	0.2124	17.2	22.3	40.1	17.7	34.3	0.53	22.9	40.6	0.52	
2018	en-tr	online-G.0	0.058	0.1883	14.7	20.8	37.4	16.6	32.2	0.52	21.5	39.0	0.50	
2018	en-tr	uedin.5644	0.222	0.2349	19.5	24.9	42.8	19.9	36.6	0.55	25.6	43.1	0.54	
2018	et-en	talp-upc.5421	0.106	0.2549	23.9	30.0	51.7	24.6	44.7	0.53	30.9	52.8	0.53	
2018	et-en	online-G.0	-0.341	0.1821	16.2	27.5	47.4	22.1	41.3	0.48	28.2	48.8	0.49	
2018	et-en	tilde-c-nmt.5715	0.215	0.3117	29.5	35.8	57.2	29.4	48.5	0.57	36.7	58.0	0.58	
2018	et-en	tilde-nc-nmt.5485	0.326	0.3272	30.9	39.1	58.8	32.0	49.9	0.59	40.1	59.6	0.59	
2018	et-en	tilde-c-nmt-comb.5718	0.171	0.3108	29.4	36.2	57.2	29.7	48.6	0.57	37.0	57.8	0.57	
2018	et-en	uedin.5562	0.186	0.3119	29.4	35.2	56.1	29.1	48.2	0.57	36.1	57.0	0.57	
2018	et-en	UnsupTartu.5722	-0.95	0.0110	1.0	8.0	24.8	7.5	27.2	0.29	8.8	26.4	0.30	
2018	fi-en	HY-NMT-fi-en.5569	0.128	0.2473	23.3	33.7	51.7	28.2	46.7	0.51	34.4	51.9	0.51	
2018	fi-en	CUNI-Kocmi.5619	0.083	0.2328	21.6	30.9	50.2	25.9	45.3	0.50	31.6	50.9	0.50	
2018	fi-en	JUCBNMT.5559	-0.404	0.1356	12.2	18.9	39.9	16.6	39.1	0.42	19.3	39.5	0.40	
2018	fi-en	NICT.5515	0.153	0.2668	24.9	33.8	52.8	28.7	47.7	0.52	34.5	52.8	0.52	
2018	fi-en	online-A.0	0.045	0.2173	20.0	29.5	48.8	24.8	44.4	0.49	30.1	49.2	0.49	
2018	fi-en	online-B.0	0.078	0.2297	21.4	31.5	50.2	26.5	45.9	0.50	32.1	50.0	0.49	
2018	fi-en	online-G.0	-0.134	0.1822	15.2	27.7	44.9	23.0	42.8	0.47	28.3	45.0	0.47	
2018	en-zh	online-B.0	0.166	0.4148	41.6	50.1	68.6	43.6	59.5	0.37	50.1	68.6	0.37	
2018	en-zh	GTCOM-Primary.5762	0.199	0.4377	43.7	49.8	70.0	44.0	60.8	0.38	50.0	70.2	0.39	
2018	en-zh	Alibaba-General-System.5749	0.173	0.4325	43.2	47.8	69.5	42.2	61.0	0.38	47.8	69.4	0.38	
2018	en-zh	Alibaba-ensemble-system-with-reranking.5738	0.185	0.4346	43.5	51.3	69.8	45.5	60.7	0.38	51.5	69.9	0.38	
2018	en-zh	NICT.5538	0.082	0.3963	39.7	45.9	66.9	42.0	59.4	0.34	45.7	66.9	0.34	
2018	en-zh	Alibaba-General-System.5743	0.165	0.4319	43.2	47.3	69.4	41.9	61.0	0.37	47.3	69.4	0.38	
2018	en-zh	online-A.0	0.037	0.3060	30.6	44.4	61.1	38.5	54.0	0.27	44.8	61.5	0.28	
2018	fi-en	talp-upc.5423	0.047	0.2213	20.8	28.9	48.8	24.4	44.5	0.49	29.5	49.3	0.48	
2018	fi-en	uedin.5631	0.103	0.2539	23.5	32.6	51.8	27.5	47.1	0.51	33.3	51.7	0.51	
2018	en-zh	online-G.0	-0.435	0.2095	20.9	38.4	57.1	34.0	51.9	0.21	38.9	58.9	0.21	
2018	en-zh	online-F.0	-0.419	0.1811	18.1	33.5	53.4	30.1	50.6	0.18	34.2	54.3	0.19	
2018	en-zh	uedin.5735	-0.202	0.3331	33.4	34.3	61.5	33.6	57.6	0.30	33.3	60.4	0.29	
2018	ru-en	Alibaba.5720	0.215	0.3632	34.9	39.2	61.2	32.6	52.0	0.61	40.4	62.2	0.61	
2018	ru-en	afrl-ruen-syscomb.5440	-0.014	0.3107	30.0	35.1	57.4	29.2	49.6	0.58	36.0	58.4	0.57	
2018	en-zh	Unisound.5669	0.206	0.4270	42.6	46.0	69.4	40.9	60.3	0.37	46.2	69.5	0.37	
2018	tr-en	Alibaba-MT-tr-en-Ensemble.5745			28.0	33.4	55.7	27.9	48.4	0.56	34.4	56.4	0.55	
2018	ru-en	online-B.0	0.192	0.3350	31.8	38.0	59.4	31.2	50.4	0.59	39.1	60.8	0.60	
2018	ru-en	uedin.5739	0.11	0.3416	32.8	35.9	59.1	29.9	50.5	0.59	36.9	59.7	0.59	
2018	en-zh	Tencent-ensemble-system.5760	0.219	0.4316	43.1	49.2	69.8	43.2	60.7	0.38	49.5	69.9	0.38	
2018	ru-en	online-G.0	0.17	0.3462	31.1	37.2	58.5	30.5	49.9	0.59	38.3	59.9	0.59	
2018	en-zh	online-Y.0	0.069	0.3396	33.9	43.6	64.2	38.3	56.4	0.30	44.0	64.2	0.30	
2018	ru-en	JHU.5675	-0.027	0.2917	26.7	30.9	54.5	25.6	46.8	0.55	32.1	56.3	0.55	
2018	tr-en	online-A.0	0.04	0.2718	24.8	35.1	55.1	28.6	47.8	0.55	36.0	55.7	0.54	
2018	ru-en	online-A.0	0.034	0.3073	29.0	33.9	56.7	27.9	48.7	0.57	34.9	57.6	0.57	
2018	tr-en	online-B.0	-0.004	0.2620	24.8	35.0	55.1	28.7	48.2	0.55	35.9	55.4	0.54	
2018	tr-en	NICT.5708	-0.055	0.2856	26.7	32.0	54.6	26.7	47.4	0.54	33.0	55.4	0.54	
2018	en-zh	UMD.5680	0.094	0.3906	39.0	46.0	67.7	40.5	58.3	0.35	46.5	68.9	0.36	
2018	tr-en	online-G.0	0.045	0.2738	24.4	32.5	54.1	27.0	47.6	0.55	33.3	54.3	0.53	
2018	ru-en	online-F.0	-0.398	0.1496	13.6	22.1	43.7	17.7	39.1	0.46	23.3	46.0	0.48	
2018	tr-en	uedin.5709	-0.053	0.2868	26.9	32.7	55.3	27.2	47.6	0.55	33.7	56.3	0.55	
2018	zh-en	NICT.5539	0.089	0.2867	26.7	30.5	53.5	26.6	48.7	0.56	31.2	54.0	0.54	
2018	zh-en	Li-Muze.5736	0.091	0.2945	27.4	32.5	54.9	28.0	49.6	0.57	33.1	54.8	0.56	
2018	zh-en	NiuTrans.5740	0.14	0.3077	28.7	32.5	55.2	28.0	49.8	0.57	33.2	55.9	0.56	
2018	zh-en	online-A.0	-0.061	0.2404	21.8	27.9	50.8	23.9	46.8	0.54	28.7	50.5	0.52	
2018	zh-en	online-B.0	0.111	0.3125	29.3	32.8	55.7	28.0	49.6	0.58	33.5	56.1	0.58	
2018	zh-en	Tencent-ensemble-system.5742	0.099	0.3150	29.3	34.3	56.3	29.2	50.0	0.58	35.3	57.0	0.57	
2018	zh-en	online-Y.0	-0.005	0.2643	24.4	27.7	51.9	23.8	46.9	0.55	28.4	52.0	0.54	
2018	zh-en	UCAM.5586	0.109	0.2982	27.7	32.4	55.1	27.7	49.5	0.57	33.1	55.2	0.56	
2018	zh-en	online-G.0	-0.327	0.1697	13.8	22.8	44.5	19.3	41.8	0.49	23.8	45.2	0.49	
2018	zh-en	online-F.0	-0.377	0.1198	10.6	19.6	40.8	16.4	39.6	0.45	20.7	41.2	0.45	
2018	zh-en	uedin.5652	-0.017	0.2597	24.0	29.4	52.2	26.0	49.2	0.54	29.7	50.7	0.51	
2018	zh-en	UMD.5681	0.078	0.2630	24.4	29.5	52.6	25.6	48.1	0.55	30.2	52.2	0.53	
2018	zh-en	Unisound.5712	0.108	0.3075	28.4	32.7	55.4	28.3	50.0	0.58	33.4	55.4	0.56	
2018	zh-en	Unisound.5668	0.094	0.3005	27.7	32.5	55.3	28.0	50.0	0.57	33.2	54.7	0.56	
